{"stats":{"minecraft:used":{"minecraft:creeper_spawn_egg":1,"minecraft:zombie_villager_spawn_egg":5,"minecraft:skeleton_spawn_egg":5},"minecraft:custom":{"minecraft:jump":27,"minecraft:time_since_rest":10588,"minecraft:damage_dealt":399,"minecraft:leave_game":4,"minecraft:play_time":10588,"minecraft:sprint_one_cm":1919,"minecraft:time_since_death":10588,"minecraft:walk_one_cm":3857,"minecraft:sneak_time":306,"minecraft:total_world_time":10588,"minecraft:mob_kills":2,"minecraft:fly_one_cm":133201},"minecraft:killed":{"minecraft:skeleton":1}},"DataVersion":3465}