{
  "minecraft:recipes/decorations/crafting_table": {
    "criteria": {
      "unlock_right_away": "2024-08-04 04:11:06 +0000"
    },
    "done": true
  },
  "minecraft:adventure/adventuring_time": {
    "criteria": {
      "minecraft:snowy_slopes": "2024-08-04 04:14:35 +0000",
      "minecraft:cherry_grove": "2024-08-04 04:15:51 +0000",
      "minecraft:river": "2024-08-04 04:16:38 +0000",
      "minecraft:plains": "2024-08-04 04:11:08 +0000"
    },
    "done": false
  },
  "DataVersion": 3465
}