{
  "minecraft:recipes/decorations/crafting_table": {
    "criteria": {
      "unlock_right_away": "2024-08-04 03:47:19 +0000"
    },
    "done": true
  },
  "minecraft:adventure/adventuring_time": {
    "criteria": {
      "minecraft:snowy_slopes": "2024-08-04 03:47:44 +0000",
      "minecraft:sunflower_plains": "2024-08-04 03:48:47 +0000",
      "minecraft:grove": "2024-08-04 03:49:52 +0000",
      "minecraft:forest": "2024-08-04 04:14:09 +0000",
      "minecraft:flower_forest": "2024-08-04 03:48:42 +0000",
      "minecraft:frozen_peaks": "2024-08-04 03:49:58 +0000",
      "minecraft:meadow": "2024-08-04 03:47:55 +0000",
      "minecraft:plains": "2024-08-04 03:47:20 +0000"
    },
    "done": false
  },
  "minecraft:adventure/root": {
    "criteria": {
      "killed_something": "2024-08-04 04:01:48 +0000"
    },
    "done": true
  },
  "minecraft:adventure/kill_all_mobs": {
    "criteria": {
      "minecraft:skeleton": "2024-08-04 04:01:48 +0000"
    },
    "done": false
  },
  "minecraft:adventure/kill_a_mob": {
    "criteria": {
      "minecraft:skeleton": "2024-08-04 04:01:48 +0000"
    },
    "done": true
  },
  "DataVersion": 3465
}